time,base rev,pair1,pair2
2014/1/2 16:00,-0.35,0,0
2014/1/3 16:00,-1.68,0,0
2014/1/6 16:00,-3.92,0,0
2014/1/7 16:00,-3.95,0,0
2014/1/8 16:00,-3.78,0,0
2014/1/9 16:00,-4.63,0,0
2014/1/10 16:00,-5.37,0,2.59
2014/1/13 16:00,-5.85,0,0.62
2014/1/14 16:00,-5.03,0,8.8
2014/1/15 16:00,-5.2,0,8.47
2014/1/16 16:00,-5.07,0,6.51
2014/1/17 16:00,-6.5,0,3.24
2014/1/20 16:00,-7.04,0,6.51
2014/1/21 16:00,-6.12,0,5.86
2014/1/22 16:00,-3.7,0,7.82
2014/1/23 16:00,-4.21,0,7.16
2014/1/24 16:00,-3.62,0,7.82
2014/1/27 16:00,-4.9,0,5.2
2014/1/28 16:00,-4.73,0,5.86
2014/1/29 16:00,-4.39,0,5.86
2014/1/30 16:00,-5.48,0,8.15
2014/2/7 16:00,-5.04,0,10.11
2014/2/10 16:00,-2.68,0,13.05
2014/2/11 16:00,-1.91,0,12.07
2014/2/12 16:00,-1.66,0,12.72
2014/2/13 16:00,-2.17,0,23.84
2014/2/14 16:00,-1.48,0,21.45
2014/2/17 16:00,-0.79,0,21.34
2014/2/18 16:00,-2.04,0,19.15
2014/2/19 16:00,-0.92,0,21.34
2014/2/20 16:00,-1.83,0,19.5
2014/2/21 16:00,-2.82,0,19.15
2014/2/24 16:00,-4.96,0,16.39
2014/2/25 16:00,-7.39,0,14.78
2014/2/26 16:00,-7.15,0,15.7
2014/2/27 16:00,-7.55,0,15.7
2014/2/28 16:00,-6.48,0,14.67
2014/3/3 16:00,-5.99,0,13.4
2014/3/4 16:00,-6.26,0,12.6
2014/3/5 16:00,-7.13,0,11.22
2014/3/6 16:00,-6.71,0,12.37
2014/3/7 16:00,-6.94,0,11.79
2014/3/10 16:00,-9.97,0,9.38
2014/3/11 16:00,-9.5,0,9.61
2014/3/12 16:00,-9.27,0,10.99
2014/3/13 16:00,-8.14,0,11.68
2014/3/14 16:00,-8.89,0,10.41
2014/3/17 16:00,-8.03,0,10.76
2014/3/18 16:00,-8.24,0,10.76
2014/3/19 16:00,-8.98,0,10.3
2014/3/20 16:00,-10.43,0,9.26
2014/3/21 16:00,-7.35,0,13.63
2014/3/24 16:00,-6.59,0,13.63
2014/3/25 16:00,-6.68,0,13.06
2014/3/26 16:00,-6.82,0,13.17
2014/3/27 16:00,-7.48,0,13.06
2014/3/28 16:00,-7.64,0,13.86
2014/3/31 16:00,-7.89,0,13.4
2014/4/1 16:00,-7.16,0,14.09
2014/4/2 16:00,-6.41,0,15.13
2014/4/3 16:00,-7.08,0,14.09
2014/4/4 16:00,-6.2,0,14.9
2014/4/8 16:00,-3.98,0,18.23
2014/4/9 16:00,-3.92,0,17.54
2014/4/10 16:00,-2.41,0,20.19
2014/4/11 16:00,-2.55,0,19.96
2014/4/14 16:00,-2.64,0,19.04
2014/4/15 16:00,-4.32,0,16.16
2014/4/16 16:00,-4.18,0,16.74
2014/4/17 16:00,-4.52,0,16.51
2014/4/18 16:00,-4.53,0,15.59
2014/4/21 16:00,-6.13,0,13.63
2014/4/22 16:00,-5.72,0,14.78
2014/4/23 16:00,-5.81,0,14.67
2014/4/24 16:00,-5.99,0,15.36
2014/4/25 16:00,-6.96,0,16.28
2014/4/28 16:00,-8.37,0,16.16
2014/4/29 16:00,-7.36,0,16.74
2014/4/30 16:00,-7.35,0,15.82
2014/5/5 16:00,-7.45,0,14.78
2014/5/6 16:00,-7.41,0,13.98
2014/5/7 16:00,-8.27,0,13.86
2014/5/8 16:00,-8.35,0,14.21
2014/5/9 16:00,-8.42,0,14.44
2014/5/12 16:00,-6.44,0,15.82
2014/5/13 16:00,-6.66,0,15.36
2014/5/14 16:00,-6.77,0,15.36
2014/5/15 16:00,-7.98,0,15.24
2014/5/16 16:00,-7.9,0,15.82
2014/5/19 16:00,-9.22,0,13.86
2014/5/20 16:00,-9.2,0,14.09
2014/5/21 16:00,-8.33,0,14.9
2014/5/22 16:00,-8.55,0,15.01
2014/5/23 16:00,-7.79,0,16.28
2014/5/26 16:00,-7.47,0,16.39
2014/5/27 16:00,-7.84,0,16.74
2014/5/28 16:00,-6.9,0,17.77
2014/5/29 16:00,-7.51,0,17.2
2014/5/30 16:00,-7.45,0,17.2
2014/6/3 16:00,-7.73,0,17.54
2014/6/4 16:00,-8.66,0,16.62
2014/6/5 16:00,-7.7,0,17.31
2014/6/6 16:00,-8.38,0,15.47
2014/6/9 16:00,-8.4,0,15.47
2014/6/10 16:00,-7.24,0,17.2
2014/6/11 16:00,-7.26,0,16.85
2014/6/12 16:00,-7.58,0,16.28
2014/6/13 16:00,-6.6,0,18
2014/6/16 16:00,-5.93,0,19.96
2014/6/17 16:00,-6.88,0,19.15
2014/6/18 16:00,-7.29,0,18.35
2014/6/19 16:00,-8.72,0,17.66
2014/6/20 16:00,-8.3,0,17.89
2014/6/23 16:00,-8.41,-0.86,16.62
2014/6/24 16:00,-7.95,-1.33,17.54
2014/6/25 16:00,-8.44,-2.45,17.08
2014/6/26 16:00,-7.77,-1.27,18.23
2014/6/27 16:00,-7.72,-1.33,17.54
2014/6/30 16:00,-7.08,-1.45,18.23
2014/7/1 16:00,-7.1,1.56,18.12
2014/7/2 16:00,-6.83,2.09,18.46
2014/7/3 16:00,-6.43,1.5,19.38
2014/7/4 16:00,-6.49,1.56,19.38
2014/7/7 16:00,-6.6,3.1,19.15
2014/7/8 16:00,-6.42,4.51,19.73
2014/7/9 16:00,-7.78,2.27,18.23
2014/7/10 16:00,-8.03,1.27,18.46
2014/7/11 16:00,-7.81,1.33,17.63
2014/7/14 16:00,-6.79,1.62,18.35
2014/7/15 16:00,-6.65,-0.56,18.72
2014/7/16 16:00,-6.83,-1.33,18.84
2014/7/17 16:00,-7.42,-1.56,18.23
2014/7/18 16:00,-7.12,-0.91,18.84
2014/7/21 16:00,-7.03,-1.68,19.08
2014/7/22 16:00,-5.89,-0.91,21.14
2014/7/23 16:00,-5.67,-1.92,22.22
2014/7/24 16:00,-3.99,-2.51,25.49
2014/7/25 16:00,-2.99,-1.45,27.31
2014/7/28 16:00,-0.26,0.68,33.11
2014/7/29 16:00,0.06,1.33,33.84
2014/7/30 16:00,-0.34,1.56,33.36
2014/7/31 16:00,0.87,2.27,34.32
2014/8/1 16:00,-0.03,0.91,33.72
2014/8/4 16:00,1.96,2.15,36.5
2014/8/5 16:00,1.69,1.98,35.66
2014/8/6 16:00,1.42,5.28,33.24
2014/8/7 16:00,-0.11,4.22,30.33
2014/8/8 16:00,0.05,3.98,31.42
2014/8/11 16:00,1.52,5.28,34.45
2014/8/12 16:00,1.16,6.52,32.39
2014/8/13 16:00,1.24,9.29,31.42
2014/8/14 16:00,0.25,7.99,30.33
2014/8/15 16:00,1.31,8.53,30.94
2014/8/18 16:00,1.91,11.18,31.06
2014/8/19 16:00,1.92,10.3,30.82
2014/8/20 16:00,1.55,9.53,30.09
2014/8/21 16:00,1.04,6.81,28.64
2014/8/22 16:00,1.52,7.58,29.97
2014/8/25 16:00,0.55,8.05,28.4
2014/8/26 16:00,-0.25,5.81,28.64
2014/8/27 16:00,-0.1,5.34,28.27
2014/8/28 16:00,-0.8,7.82,27.06
2014/8/29 16:00,0.35,7.94,28.15
2014/9/1 16:00,1.09,9,27.91
2014/9/2 16:00,2.42,9.53,29.73
2014/9/3 16:00,3.38,9.59,30.82
2014/9/4 16:00,4.13,9.71,31.42
2014/9/5 16:00,5.12,9.53,32.63
2014/9/9 16:00,4.94,10.24,31.06
2014/9/10 16:00,4.39,11.71,29.97
2014/9/11 16:00,4.01,10.59,29
2014/9/12 16:00,4.65,11.18,29.73
2014/9/15 16:00,4.6,13.6,28.88
2014/9/16 16:00,2.52,9.29,28.4
2014/9/17 16:00,3.06,9.59,28.4
2014/9/18 16:00,3.37,10.3,28.27
2014/9/19 16:00,4.08,10.3,28.88
2014/9/22 16:00,2.1,10.41,25.73
2014/9/23 16:00,2.98,10.71,26.1
2014/9/24 16:00,4.8,11.89,28.27
2014/9/25 16:00,4.59,11.24,27.43
2014/9/26 16:00,4.6,9.88,26.82
2014/9/29 16:00,5.05,10.71,26.22
2014/9/30 16:00,5.19,12.24,26.1
2014/10/8 16:00,6.37,14.72,26.82
2014/10/9 16:00,6.52,14.78,26.82
2014/10/10 16:00,5.87,14.48,27.06
2014/10/13 16:00,5.36,13.6,26.46
2014/10/14 16:00,5,11.95,25.73
2014/10/15 16:00,5.74,5.1,26.46
2014/10/16 16:00,4.91,3.86,26.1
2014/10/17 16:00,4.79,2.8,25.85
2014/10/20 16:00,5.35,3.33,26.1
2014/10/21 16:00,4.44,4.22,25.85
2014/10/22 16:00,3.8,2.33,25.73
2014/10/23 16:00,2.83,0.86,26.1
2014/10/24 16:00,2.6,1.39,25.73
2014/10/27 16:00,1.67,2.86,23.31
2014/10/28 16:00,3.72,3.86,24.77
2014/10/29 16:00,5.21,3.69,25.98
2014/10/30 16:00,5.96,2.21,27.06
2014/10/31 16:00,7.65,-0.5,31.06
2014/11/3 16:00,7.83,1.5,29.73
2014/11/4 16:00,7.86,0.62,28.64
2014/11/5 16:00,7.44,1.21,27.55
2014/11/6 16:00,7.56,2.51,28.03
2014/11/7 16:00,7.39,0.86,28.27
2014/11/10 16:00,10.12,0.56,30.57
2014/11/11 16:00,9.81,-0.5,33.72
2014/11/12 16:00,11.34,0.32,33.36
2014/11/13 16:00,10.72,-0.8,33.11
2014/11/14 16:00,10.77,-0.38,32.51
2014/11/17 16:00,10.17,0.38,31.06
2014/11/18 16:00,9.07,0.91,29
2014/11/19 16:00,8.89,0.32,29.12
2014/11/20 16:00,8.89,-0.32,28.52
2014/11/21 16:00,10.88,0.15,31.06
2014/11/24 16:00,13.7,2.68,31.78
2014/11/25 16:00,15.26,3.1,34.81
2014/11/26 16:00,16.87,2.51,37.47
2014/11/27 16:00,18.22,4.34,38.32
2014/11/28 16:00,20.55,2.92,47.39
2014/12/1 16:00,21.02,4.69,47.91
2014/12/2 16:00,25.49,7.64,49.79
2014/12/3 16:00,27.36,7.82,49.04
2014/12/4 16:00,33.23,8.35,49.04
2014/12/5 16:00,34.11,3.86,59.38
2014/12/8 16:00,39.61,3.97,70.09
2014/12/9 16:00,33.34,-1.19,54.11
2014/12/10 16:00,38.26,-1.21,58.81
2014/12/11 16:00,36.61,-0.43,64.83
2014/12/12 16:00,37.05,-0.21,63.89
2014/12/15 16:00,38.08,3.62,62.57
2014/12/16 16:00,41.77,2.06,66.52
2014/12/17 16:00,44.23,-1.18,64.64
2014/12/18 16:00,43.6,-2.8,70.66
2014/12/19 16:00,45.2,-4.91,68.4
2014/12/22 16:00,45.68,-4.21,53.55
2014/12/23 16:00,42.7,-7.23,48.66
2014/12/24 16:00,38.64,-4.96,52.05
2014/12/25 16:00,43.15,-2.8,52.23
2014/12/26 16:00,47.89,-3.18,54.11
2014/12/29 16:00,48.3,-1.56,49.79
2014/12/30 16:00,48.39,-2.05,40.2
2014/12/31 16:00,51.66,-0.32,40.39
2015/1/5 16:00,56.29,2,40.2
2015/1/6 16:00,56.27,1.62,44.34
2015/1/7 16:00,56.38,-0.86,42.65
2015/1/8 16:00,52.76,-0.81,43.21
2015/1/9 16:00,52.22,-3.29,43.4
2015/1/12 16:00,50.8,-4.64,36.07
2015/1/13 16:00,50.82,-1.89,37.57
2015/1/14 16:00,50.32,-3.45,38.13
2015/1/15 16:00,54.68,-2.86,38.89
2015/1/16 16:00,56.01,-1.89,38.51
2015/1/19 16:00,44,-3.51,26.29
2015/1/20 16:00,45.76,1.19,30.24
2015/1/21 16:00,52.31,5.78,34.75
2015/1/22 16:00,53.11,6.32,40.77
2015/1/23 16:00,53.29,6.65,39.26
2015/1/26 16:00,54.85,8.37,44.34
2015/1/27 16:00,53.43,5.84,45.65
2015/1/28 16:00,51.3,5.78,43.77
2015/1/29 16:00,49.43,7.73,41.14
2015/1/30 16:00,47.4,5.62,39.26
2015/2/2 16:00,43.94,7.94,37.95
2015/2/3 16:00,47.53,7.51,38.89
2015/2/4 16:00,46,11.18,37.95
2015/2/5 16:00,44.5,8.48,40.01
2015/2/6 16:00,42.16,4.97,36.82
2015/2/9 16:00,43.6,5.4,35.31
2015/2/10 16:00,46.22,5.35,41.89
2015/2/11 16:00,47.39,7.56,42.08
2015/2/12 16:00,47.76,7.4,42.46
2015/2/13 16:00,48.92,7.94,42.65
2015/2/16 16:00,50.19,8.81,45.84
2015/2/17 16:00,51.17,9.51,47.35
2015/2/25 16:00,49.3,7.94,52.23
2015/2/26 16:00,53.06,8.1,52.05
2015/2/27 16:00,53.34,6.59,52.8
2015/3/2 16:00,54.56,10.32,54.68
2015/3/3 16:00,50.55,8.91,54.49
2015/3/4 16:00,51.54,10.1,55.99
2015/3/5 16:00,50.06,15.45,61.07
2015/3/6 16:00,49.29,12.8,67.46
2015/3/9 16:00,51.83,14.85,66.71
2015/3/10 16:00,51.1,14.75,68.4
2015/3/11 16:00,51.27,12.91,64.83
2015/3/12 16:00,54.2,12.32,60.69
2015/3/13 16:00,55.26,15.02,61.45
2015/3/16 16:00,59.04,17.12,65.96
2015/3/17 16:00,61.25,17.39,69.53
2015/3/18 16:00,65.06,19.39,70.66
2015/3/19 16:00,64.79,23.12,74.23
2015/3/20 16:00,67.06,23.01,71.79
2015/3/23 16:00,70.47,25.33,71.41
2015/3/24 16:00,70.51,28.79,68.59
2015/3/25 16:00,69.11,28.57,69.15
2015/3/26 16:00,69.53,24.84,78.74
2015/3/27 16:00,70.46,27.6,74.23
2015/3/30 16:00,75.46,28.89,74.04
2015/3/31 16:00,73.87,26.95,71.22
2015/4/1 16:00,76.99,30.84,73.48
2015/4/2 16:00,77.03,34.62,73.67
2015/4/3 16:00,78.99,42.29,82.31
2015/4/7 16:00,82.83,42.29,83.25
2015/4/8 16:00,84.37,42.29,81.75
2015/4/9 16:00,82.92,53.23,88.52
2015/4/10 16:00,86.45,55.93,90.4
2015/4/13 16:00,89.74,65,91.71
2015/4/14 16:00,90.48,64.03,104.31
2015/4/15 16:00,88,49.72,88.71
2015/4/16 16:00,93.71,51.45,90.59
2015/4/17 16:00,97.26,49.13,92.84
2015/4/20 16:00,94.07,46,99.23
2015/4/21 16:00,98.24,51.29,109.76
2015/4/22 16:00,103.42,53.72,111.27
2015/4/23 16:00,103.47,52.8,112.21
2015/4/24 16:00,101.83,56.26,114.27
2015/4/27 16:00,106.33,58.09,115.03
2015/4/28 16:00,103.51,49.13,102.62
2015/4/29 16:00,104.9,49.99,107.51
2015/4/30 16:00,103.86,51.07,99.8
2015/5/4 16:00,105.48,51.45,103.37
2015/5/5 16:00,97.29,53.77,91.34
2015/5/6 16:00,95.42,47.51,84.01
2015/5/7 16:00,91.85,43.08,74.79
2015/5/8 16:00,95.64,47.35,78.93
2015/5/11 16:00,101.31,53.07,87.2
2015/5/12 16:00,103.75,57.55,91.71
2015/5/13 16:00,102.51,60.36,89.83
2015/5/14 16:00,101.75,60.52,100.55
2015/5/15 16:00,98.17,67.76,103.18
2015/5/18 16:00,96.36,69,103.56
2015/5/19 16:00,103.05,69.97,106.94
2015/5/20 16:00,104.07,80.45,107.51
2015/5/21 16:00,107.76,94.54,109.57
2015/5/22 16:00,112.5,94.54,122.73
2015/5/25 16:00,118.86,94.54,143.98
2015/5/26 16:00,123.13,94.54,154.13
2015/5/27 16:00,122.38,94.54,179.51
2015/5/28 16:00,107.47,94.54,164.64
2015/5/29 16:00,107.76,94.54,166.84
2015/6/1 16:00,117.86,113.82,178.02
2015/6/2 16:00,121.54,122.87,179.78
2015/6/3 16:00,120.75,122.87,187.13
2015/6/4 16:00,122.38,122.87,201.68
2015/6/5 16:00,124.48,122.87,195.07
2015/6/8 16:00,129.77,122.87,211.83
2015/6/9 16:00,128.21,122.87,215.1
2015/6/10 16:00,127.86,122.87,220.21
2015/6/11 16:00,127.75,122.87,230.86
2015/6/12 16:00,128.97,122.87,238.86
2015/6/15 16:00,124.08,122.87,240.41
2015/6/16 16:00,117.37,122.87,229.31
2015/6/17 16:00,120.55,122.87,231.69
2015/6/18 16:00,111.61,122.87,220.81
2015/6/19 16:00,99.01,122.87,207.38
2015/6/23 16:00,105.41,122.87,222.17
2015/6/24 16:00,109.44,122.87,223.19
2015/6/25 16:00,101.99,122.87,214.86
2015/6/26 16:00,86.1,122.87,197.18
2015/6/29 16:00,79.89,122.87,197.69
2015/6/30 16:00,91.97,122.87,219.62
2015/7/1 16:00,82.53,122.87,183.26
2015/7/2 16:00,76.31,122.87,154.95
2015/7/3 16:00,66.78,122.87,129.5
2015/7/6 16:00,71.61,122.87,106.62
2015/7/7 16:00,68.58,122.87,86.02
2015/7/8 16:00,57.21,122.87,67.43
2015/7/9 16:00,67.28,122.87,84.31
2015/7/10 16:00,76.24,122.87,102.61
2015/7/13 16:00,80.76,122.87,122.92
2015/7/14 16:00,76.48,122.87,127.21
2015/7/15 16:00,70.25,122.87,104.61
2015/7/16 16:00,71.56,122.87,105.47
2015/7/17 16:00,78.17,122.87,126.06
2015/7/20 16:00,78.56,122.87,144.08
2015/7/21 16:00,78.8,122.87,142.37
2015/7/22 16:00,78.42,122.87,166.68
2015/7/23 16:00,82.44,122.87,193.27
2015/7/24 16:00,79.24,122.87,216.44
2015/7/27 16:00,63.89,122.87,184.69
2015/7/28 16:00,63.56,122.87,182.12
2015/7/29 16:00,68.68,122.87,210.43
2015/7/30 16:00,63.75,122.87,232.17
2015/7/31 16:00,63.8,122.87,201.57
2015/8/3 16:00,64.34,122.87,171.54
2015/8/4 16:00,69.45,122.87,198.71
2015/8/5 16:00,65.96,122.87,203.86
2015/8/6 16:00,64.45,122.87,192.13
2015/8/7 16:00,67.68,126.4,198.99
2015/8/10 16:00,75.29,138.54,221.59
2015/8/11 16:00,74.53,137.44,224.45
2015/8/12 16:00,72.36,135.87,229.88
2015/8/13 16:00,74.91,137.34,234.17
2015/8/14 16:00,74.83,139,259.05
2015/8/17 16:00,75.01,141.3,276.79
2015/8/18 16:00,64.18,117.29,264.89
2015/8/19 16:00,66.78,108.37,272.05
2015/8/20 16:00,61.43,108.37,265.11
2015/8/21 16:00,54.06,108.37,259.25
2015/8/24 16:00,40.58,101.93,225.39
2015/8/25 16:00,30.6,81.85,219.54
2015/8/26 16:00,29.86,81.85,249.48
2015/8/27 16:00,37.58,81.85,282.9
2015/8/28 16:00,43.44,81.85,305.67
2015/8/31 16:00,44.48,81.85,303.36
2015/9/1 16:00,44.29,81.85,263.08
2015/9/2 16:00,44.45,81.85,226.96
2015/9/7 16:00,39.5,81.85,228.35
2015/9/8 16:00,43.09,81.85,244.56
2015/9/9 16:00,45.89,81.85,260.3
2015/9/10 16:00,44.1,81.85,251.97
2015/9/11 16:00,43.65,81.85,247.34
2015/9/14 16:00,40.82,81.85,212.61
2015/9/15 16:00,35.29,81.85,181.13
2015/9/16 16:00,42.03,81.85,209.37
2015/9/17 16:00,38.93,81.85,202.43
2015/9/18 16:00,39.54,81.85,232.52
2015/9/21 16:00,41.98,81.85,265.86
2015/9/22 16:00,43.3,81.85,263.08
2015/9/23 16:00,40.04,81.85,264.47
2015/9/24 16:00,40.99,81.85,267.25
2015/9/25 16:00,38.71,81.85,244.56
2015/9/28 16:00,39.17,81.85,251.97
2015/9/29 16:00,36.43,81.85,231.13
2015/9/30 16:00,37.46,81.85,242.71
2015/10/8 16:00,41.48,81.85,258.45
2015/10/9 16:00,43.35,81.85,269.1
2015/10/12 16:00,47.97,81.85,284.84
2015/10/13 16:00,47.85,81.85,289.01
2015/10/14 16:00,46.18,81.85,293.17
2015/10/15 16:00,49.65,81.85,302.43
2015/10/16 16:00,51.67,81.85,301.04
2015/10/19 16:00,51.68,81.85,298.73
2015/10/20 16:00,53.55,81.85,314.47
2015/10/21 16:00,49.06,81.85,272.8
2015/10/22 16:00,51.27,81.85,287.62
2015/10/23 16:00,53.27,81.85,290.4
2015/10/26 16:00,54.04,81.85,300.12
2015/10/27 16:00,54.2,81.85,332.53
2015/10/28 16:00,51.28,81.85,301.97
2015/10/29 16:00,51.64,81.85,311.69
2015/10/30 16:00,51.68,81.85,331.14
2015/11/2 16:00,49.18,81.85,311.69
2015/11/3 16:00,48.73,81.85,295.95
2015/11/4 16:00,55.73,81.85,316.32
2015/11/5 16:00,59.05,81.85,317.71
2015/11/6 16:00,62.8,81.85,324.66
2015/11/9 16:00,64.82,81.85,328.82
2015/11/10 16:00,64.51,81.85,327.9
2015/11/11 16:00,64.53,81.85,328.82
2015/11/12 16:00,62.89,81.85,342.71
2015/11/13 16:00,60.78,81.85,323.27
2015/11/16 16:00,61.55,81.85,332.53
2015/11/17 16:00,61.3,81.85,330.68
2015/11/18 16:00,59.46,81.85,319.1
2015/11/19 16:00,62.01,81.85,330.21
2015/11/20 16:00,61.99,81.85,332.07
2015/11/23 16:00,61.09,81.85,334.38
2015/11/24 16:00,61.11,81.85,334.38
2015/11/25 16:00,62.3,99.52,339.01
2015/11/26 16:00,61.35,99.52,366.33
2015/11/27 16:00,52.66,99.52,366.33
2015/11/30 16:00,53.06,99.52,407.07
2015/12/1 16:00,54.15,99.52,387.9
2015/12/2 16:00,59.74,99.52,410.7
2015/12/3 16:00,60.91,99.52,407
2015/12/4 16:00,57.83,99.52,391.89
2015/12/7 16:00,58.26,99.52,395.88
2015/12/8 16:00,55.49,99.52,396.74
2015/12/9 16:00,56.05,99.52,395.88
2015/12/10 16:00,55.49,99.52,392.18
2015/12/11 16:00,54.85,99.52,382.49
2015/12/14 16:00,59.28,99.52,386.48
2015/12/15 16:00,58.56,99.52,385.62
2015/12/16 16:00,58.17,99.52,383.63
2015/12/17 16:00,61.19,99.52,387.62
2015/12/18 16:00,61.71,99.52,399.59
2015/12/21 16:00,65.92,99.52,419.82
2015/12/22 16:00,66.38,99.52,420.96
2015/12/23 16:00,65.94,99.52,418.68
2015/12/24 16:00,64.35,99.52,417.26
2015/12/25 16:00,64.73,99.52,422.67
2015/12/28 16:00,59.98,99.52,408.71
2015/12/29 16:00,61.45,99.52,411.56
2015/12/30 16:00,61.59,99.52,420.68
2015/12/31 16:00,60.13,99.52,412.98
2016/1/4 16:00,48.89,99.52,392.75
2016/1/5 16:00,49.3,99.52,391.32
2016/1/6 16:00,51.92,100.14,393.6
2016/1/7 16:00,41.39,80.19,375.36
2016/1/8 16:00,44.27,79.59,379.35
2016/1/11 16:00,37.01,61.7,357.41
2016/1/12 16:00,38.01,56.28,355.7
2016/1/13 16:00,35.44,54.56,352.56
2016/1/14 16:00,38.26,60.76,353.13
2016/1/15 16:00,33.85,53.45,341.45
2016/1/18 16:00,34.36,56.54,339.74
2016/1/19 16:00,38.33,63.77,348
2016/1/20 16:00,36.24,58.95,342.59
2016/1/21 16:00,32.25,48.2,336.32
2016/1/22 16:00,33.62,50.33,335.75
2016/1/25 16:00,34.29,50.33,341.45
2016/1/26 16:00,26.2,50.33,323.78
2016/1/27 16:00,25.76,50.33,327.77
2016/1/28 16:00,22.48,50.33,319.79
2016/1/29 16:00,26.44,50.33,327.48
2016/2/1 16:00,24.51,50.33,319.79
2016/2/2 16:00,27.09,50.33,323.49
2016/2/3 16:00,26.55,50.33,318.36
2016/2/4 16:00,28.1,50.33,324.35
2016/2/5 16:00,27.2,50.33,323.78
2016/2/15 16:00,26.47,50.33,318.08
2016/2/16 16:00,30.34,50.33,326.06
2016/2/17 16:00,31.47,50.33,328.62
2016/2/18 16:00,31.06,50.33,324.92
2016/2/19 16:00,30.97,50.33,320.64
2016/2/22 16:00,33.86,50.33,328.05
2016/2/23 16:00,32.59,55.93,322.92
2016/2/24 16:00,33.46,50.01,322.35
2016/2/25 16:00,25.27,34.98,306.39
2016/2/26 16:00,26.52,28.18,312.09
2016/2/29 16:00,23.49,15.4,315.23
2016/3/1 16:00,25.78,26.96,317.79
2016/3/2 16:00,30.96,39.67,326.63
2016/3/3 16:00,31.26,42.6,332.04
2016/3/4 16:00,32.78,48.38,355.41
2016/3/7 16:00,33.25,50.42,350
2016/3/8 16:00,33.37,52.32,355.13
2016/3/9 16:00,31.84,53.41,357.69
2016/3/10 16:00,29.32,46.68,346.58
2016/3/11 16:00,29.54,43.21,349.43
2016/3/14 16:00,31.57,57.56,348.29
2016/3/15 16:00,31.96,64.09,352.28
2016/3/16 16:00,32.62,69.66,368.24
2016/3/17 16:00,34.08,86.66,362.82
2016/3/18 16:00,36.13,85.37,361.11
2016/3/21 16:00,39.46,98.09,362.54
2016/3/22 16:00,38.44,90.2,361.68
2016/3/23 16:00,38.89,93.8,361.4
2016/3/24 16:00,36.56,87.68,359.4
2016/3/25 16:00,37.24,96.39,359.97
2016/3/28 16:00,36.04,91.29,351.99
2016/3/29 16:00,34.57,87.21,350.28
2016/3/30 16:00,38.04,105.91,363.11
2016/3/31 16:00,38.11,116.24,358.83
2016/4/1 16:00,38.28,117.94,363.96
2016/4/5 16:00,40.11,123.88,365.96
2016/4/6 16:00,39.81,126.85,363.68
2016/4/7 16:00,37.74,119.82,359.12
2016/4/8 16:00,36.72,118.34,360.83
2016/4/11 16:00,38.63,124.18,365.1
2016/4/12 16:00,38.13,126.26,364.53
2016/4/13 16:00,39.97,126.75,369.95
2016/4/14 16:00,40.59,133.88,369.38
2016/4/15 16:00,40.44,138.14,382.77
2016/4/18 16:00,38.56,128.93,376.74
2016/4/19 16:00,38.98,133.78,376.74
2016/4/20 16:00,36.52,121.41,376.74
2016/4/21 16:00,35.65,122.5,376.74
2016/4/22 16:00,36.26,123.49,376.74
2016/4/25 16:00,35.71,121.11,376.74
2016/4/26 16:00,36.44,124.58,376.74
2016/4/27 16:00,35.87,130.12,376.74
2016/4/28 16:00,35.65,127.15,376.74
2016/4/29 16:00,35.48,127.65,376.74
2016/5/3 16:00,37.92,132.99,376.74
2016/5/4 16:00,37.74,128.54,376.74
2016/5/5 16:00,37.93,126.75,376.74
2016/5/6 16:00,34.35,126.66,376.74
2016/5/9 16:00,31.57,126.66,376.74
2016/5/10 16:00,31.72,126.66,376.74
2016/5/11 16:00,32.31,105.13,376.74
2016/5/12 16:00,32.62,97.73,376.74
2016/5/13 16:00,31.97,88.85,376.74
2016/5/16 16:00,32.84,92.49,376.74
2016/5/17 16:00,32.45,93.51,376.74
2016/5/18 16:00,31.67,81.09,376.74
2016/5/19 16:00,31.44,80.49,376.74
2016/5/20 16:00,32.11,80.49,376.74
2016/5/23 16:00,32.5,80.49,376.74
2016/5/24 16:00,31.48,80.49,376.74
2016/5/25 16:00,31.3,80.49,376.74
2016/5/26 16:00,31.51,80.49,376.74
2016/5/27 16:00,31.44,80.49,376.74
2016/5/30 16:00,31.62,80.49,376.74
2016/5/31 16:00,36.03,80.49,376.74
2016/6/1 16:00,35.64,80.49,376.74
2016/6/2 16:00,35.93,80.49,376.74
2016/6/3 16:00,36.88,80.49,376.74
2016/6/6 16:00,36.43,80.49,376.74
2016/6/7 16:00,36.35,81.92,376.74
2016/6/8 16:00,35.79,79.89,376.74
2016/6/13 16:00,31.6,70.3,376.74
2016/6/14 16:00,32.01,68.91,376.74
2016/6/15 16:00,33.75,68.91,376.74
2016/6/16 16:00,32.82,67.19,376.74
2016/6/17 16:00,33.49,67.04,376.74
2016/6/20 16:00,33.59,67.95,376.74
2016/6/21 16:00,33.32,66.81,376.74
2016/6/22 16:00,34.5,68.33,376.74
2016/6/23 16:00,33.79,72.13,376.74
2016/6/24 16:00,32.07,71.29,376.74
2016/6/27 16:00,33.93,80.64,376.74
2016/6/28 16:00,34.61,81.32,376.74
2016/6/29 16:00,35.25,80.87,376.74
2016/6/30 16:00,35.36,83.68,376.74
2016/7/1 16:00,35.37,83.3,376.74
2016/7/4 16:00,37.54,91.13,376.74
2016/7/5 16:00,37.65,101.16,376.74
2016/7/6 16:00,38.06,102,376.74
2016/7/7 16:00,37.76,100.25,376.74
2016/7/8 16:00,37.01,93.26,376.74
2016/7/11 16:00,37.48,92.27,376.74
2016/7/12 16:00,40.48,98.2,376.74
2016/7/13 16:00,40.89,98.2,376.74
2016/7/14 16:00,40.63,98.2,376.74
2016/7/15 16:00,40.61,98.2,376.74
2016/7/18 16:00,40,98.2,376.74
2016/7/19 16:00,39.41,98.2,376.74
2016/7/20 16:00,38.95,98.2,376.74
2016/7/21 16:00,39.59,113.17,376.74
2016/7/22 16:00,38.42,122.19,376.74
2016/7/25 16:00,38.66,136.78,376.74
2016/7/26 16:00,40.32,136.97,376.74
2016/7/27 16:00,38.12,118.54,376.74
2016/7/28 16:00,38.24,119.69,376.74
2016/7/29 16:00,37.51,124.69,376.74
2016/8/1 16:00,36.34,115.44,376.74
2016/8/2 16:00,36.87,120.51,376.74
2016/8/3 16:00,37.06,121.49,376.74
2016/8/4 16:00,37.39,121.88,376.74
2016/8/5 16:00,37.56,120.71,376.74
2016/8/8 16:00,38.8,124.41,376.74
2016/8/9 16:00,39.78,128.7,376.74
2016/8/10 16:00,39.2,127.34,376.74
2016/8/11 16:00,38.77,119.93,376.74
2016/8/12 16:00,41.38,120.51,382.7
2016/8/15 16:00,45.64,125.58,393.54
2016/8/16 16:00,44.99,126.95,423.38
2016/8/17 16:00,44.76,125.97,458.63
2016/8/18 16:00,44.4,132.99,454.56
2016/8/19 16:00,44.42,129.29,444.39
2016/8/22 16:00,43.21,122.27,427.44
2016/8/23 16:00,43.42,124.41,462.7
2016/8/24 16:00,42.91,132.8,446.43
2016/8/25 16:00,42.01,126.56,448.46
2016/8/26 16:00,41.93,133.38,443.72
2016/8/29 16:00,41.96,140.4,434.22
2016/8/30 16:00,42.14,137.87,434.9
2016/8/31 16:00,42.82,138.45,432.87
2016/9/1 16:00,41.7,132.8,417.95
2016/9/2 16:00,42.23,134.36,409.82
2016/9/5 16:00,42.47,136.7,407.78
2016/9/6 16:00,43.46,142.16,413.21
2016/9/7 16:00,43.38,153.86,412.53
2016/9/8 16:00,43.33,147.23,417.27
2016/9/9 16:00,42.4,138.45,412.53
2016/9/12 16:00,40.02,125.39,379.31
2016/9/13 16:00,39.93,127.43,372.53
2016/9/14 16:00,39,127.43,372.53
2016/9/19 16:00,40.05,127.43,375.92
2016/9/20 16:00,39.8,127.43,373.2
2016/9/21 16:00,40.2,127.43,373.2
2016/9/22 16:00,41.25,127.43,379.31
2016/9/23 16:00,40.58,127.43,382.02
2016/9/26 16:00,38.21,127.43,385.41
2016/9/27 16:00,39.09,127.43,383.37
2016/9/28 16:00,38.66,127.43,379.98
2016/9/29 16:00,39.24,127.43,394.22
2016/9/30 16:00,39.62,127.43,443.72
2016/10/10 16:00,41.37,127.43,491.85
2016/10/11 16:00,41.91,127.43,491.85
2016/10/12 16:00,41.63,127.43,492.53
2016/10/13 16:00,41.74,127.43,502.7
2016/10/14 16:00,41.88,127.43,489.14
2016/10/17 16:00,40.68,127.43,488.46
2016/10/18 16:00,42.54,127.43,499.31
2016/10/19 16:00,42.33,127.43,495.34
2016/10/20 16:00,42.43,127.43,495.68
2016/10/21 16:00,42.82,127.43,496.34
2016/10/24 16:00,44.53,127.43,509.66
2016/10/25 16:00,44.52,127.43,503.67
2016/10/26 16:00,43.98,127.43,498.34
2016/10/27 16:00,43.59,127.43,493.01
2016/10/28 16:00,43.35,127.43,496.01
2016/10/31 16:00,43.19,127.43,494.68
2016/11/1 16:00,44.16,127.43,498.67
2016/11/2 16:00,43.06,127.43,494.01
2016/11/3 16:00,44.42,127.43,497.01
2016/11/4 16:00,43.95,127.43,496.34
2016/11/7 16:00,44.06,127.43,495.68
2016/11/8 16:00,44.68,127.43,499.01
2016/11/9 16:00,43.91,127.43,495.68
2016/11/10 16:00,45.52,127.43,499.34
2016/11/11 16:00,46.66,127.43,500.01
2016/11/14 16:00,47.22,127.43,500.67
2016/11/15 16:00,47.2,127.43,505.33
2016/11/16 16:00,47.19,127.43,503.34
2016/11/17 16:00,47.49,127.43,503.34
2016/11/18 16:00,46.67,127.43,502.67
2016/11/21 16:00,47.69,127.43,510.66
2016/11/22 16:00,48.85,127.43,511.66
2016/11/23 16:00,49.13,127.43,527.31
2016/11/24 16:00,49.73,127.43,523.98
2016/11/25 16:00,51.13,127.43,532.31
2016/11/28 16:00,51.72,127.43,520.98
2016/11/29 16:00,52.96,127.43,524.31
2016/11/30 16:00,51.84,126.93,517.65
2016/12/1 16:00,53,126.27,515.66
2016/12/2 16:00,51.46,123.64,515.66
2016/12/5 16:00,48.9,122.11,521.32
2016/12/6 16:00,48.46,122.33,518.93
2016/12/7 16:00,49.17,123.2,530.62
2016/12/8 16:00,48.93,121.23,561.33
2016/12/9 16:00,49.94,119.26,556.94
2016/12/12 16:00,46.31,102.18,559.86
2016/12/13 16:00,46.14,101.26,601.53
2016/12/14 16:00,45.02,101.26,585.45
2016/12/15 16:00,43.36,101.26,602.99
2016/12/16 16:00,43.6,101.26,593.7
2016/12/19 16:00,42.87,101.26,587.21
2016/12/20 16:00,42.02,101.26,578.81
2016/12/21 16:00,43.28,101.26,579.57
2016/12/22 16:00,43.16,101.26,576.13
2016/12/23 16:00,41.96,101.26,571.55
2016/12/26 16:00,42.59,101.26,577.28
2016/12/27 16:00,42.33,101.26,575.75
2016/12/28 16:00,41.71,101.26,572.31
2016/12/29 16:00,41.53,101.26,567.35
2016/12/30 16:00,42.06,101.26,571.55
2017/1/3 16:00,43.44,101.26,585.3
2017/1/4 16:00,44.56,101.26,587.59
2017/1/5 16:00,44.54,101.26,590.65
2017/1/6 16:00,43.67,101.26,585.3
2017/1/9 16:00,44.37,101.26,584.54
2017/1/10 16:00,44.13,101.26,584.54
2017/1/11 16:00,43.11,99.01,585.3
2017/1/12 16:00,42.39,96.82,586.83
2017/1/13 16:00,42.48,91.56,595.23
2017/1/16 16:00,42.46,91.32,608.98
2017/1/17 16:00,42.76,94.54,604.02
2017/1/18 16:00,43.32,101.79,609.37
2017/1/19 16:00,42.89,98.75,606.69
2017/1/20 16:00,43.98,100.39,609.37
2017/1/23 16:00,44.38,100.39,605.93
2017/1/24 16:00,44.4,98.05,620.06
2017/1/25 16:00,44.89,97.81,620.44
2017/1/26 16:00,45.4,102.02,625.03
2017/2/3 16:00,44.4,102.02,613.57
2017/2/6 16:00,44.77,113.26,610.51
2017/2/7 16:00,44.45,111.38,608.6
2017/2/8 16:00,45.2,113.72,609.75
2017/2/9 16:00,45.76,113.72,614.71
2017/2/10 16:00,46.5,111.85,621.21
2017/2/13 16:00,47.48,110.68,623.88
2017/2/14 16:00,47.46,109.75,620.06
2017/2/15 16:00,46.85,107.41,629.99
2017/2/16 16:00,47.68,108.11,630.38
2017/2/17 16:00,46.84,113.02,625.79
2017/2/20 16:00,48.98,117.47,640.31
2017/2/21 16:00,49.48,117.47,640.69
2017/2/22 16:00,49.77,122.62,640.31
2017/2/23 16:00,49.07,118.4,639.54
2017/2/24 16:00,49.09,116.53,641.45
2017/2/27 16:00,47.9,115.13,640.69
2017/2/28 16:00,48.19,116.53,641.84
2017/3/1 16:00,48.43,115.13,638.02
2017/3/2 16:00,47.43,112.79,628.85
2017/3/3 16:00,47.12,113.02,625.41
2017/3/6 16:00,47.92,115.83,627.32
2017/3/7 16:00,48.24,115.13,634.2
2017/3/8 16:00,48.01,115.6,636.11
2017/3/9 16:00,47.08,112.79,626.94
2017/3/10 16:00,47.12,113.02,621.59
2017/3/13 16:00,48.41,112.79,626.17
2017/3/14 16:00,48.35,117,628.85
2017/3/15 16:00,48.65,124.72,625.41
2017/3/16 16:00,49.42,124.02,627.32
2017/3/17 16:00,47.89,120.98,617.77
2017/3/20 16:00,48.05,129.4,615.86
2017/3/21 16:00,48.77,137.36,615.86
2017/3/22 16:00,48.07,136.66,606.69
2017/3/23 16:00,48.58,136.89,611.28
2017/3/24 16:00,49.77,142.27,616.62
2017/3/27 16:00,49.27,140.17,634.94
2017/3/28 16:00,48.92,134.78,617.48
2017/3/29 16:00,48.72,136.19,611.12
2017/3/30 16:00,47.5,130.1,582.54
2017/3/31 16:00,48.33,134.55,571.42
2017/4/5 16:00,50.38,157.95,591.27
2017/4/6 16:00,50.82,183.69,585.72
2017/4/7 16:00,50.96,181.12,596.04
2017/4/10 16:00,50.43,209.2,575.39
2017/4/11 16:00,50.96,232.6,578.57
2017/4/12 16:00,50.62,199.69,561.1
2017/4/13 16:00,50.84,199.13,548.4
2017/4/14 16:00,49.63,199.13,549.19
2017/4/17 16:00,49.35,193.95,515.84
2017/4/18 16:00,48.61,198.72,503.93
2017/4/19 16:00,47.89,199.04,476.94
2017/4/20 16:00,48.56,194.59,469.79
2017/4/21 16:00,48.79,177.58,422.15
2017/4/24 16:00,47.26,176.9,400.71
2017/4/25 16:00,47.68,176.9,388.01
2017/4/26 16:00,47.86,176.9,407.86
2017/4/27 16:00,47.93,176.9,404.68
2017/4/28 16:00,47.63,176.9,401.51
2017/5/2 16:00,47.06,176.9,401.51
2017/5/3 16:00,46.48,176.9,426.92
2017/5/4 16:00,46.11,176.9,426.12
2017/5/5 16:00,45.17,176.9,411.83
2017/5/8 16:00,44.15,176.9,386.42
2017/5/9 16:00,43.88,176.9,374.51
2017/5/10 16:00,43.25,176.9,372.13
2017/5/11 16:00,44.06,176.9,353.07
2017/5/12 16:00,45.29,176.9,356.25
2017/5/15 16:00,45.89,176.9,360.22
2017/5/16 16:00,47.15,176.9,383.25
2017/5/17 16:00,46.35,176.9,384.83
2017/5/18 16:00,45.84,176.9,373.72
2017/5/19 16:00,46.09,176.9,385.63
2017/5/22 16:00,46.4,176.9,364.98
2017/5/23 16:00,46.96,176.9,341.96
2017/5/24 16:00,46.96,176.9,345.13
2017/5/25 16:00,49.6,174.16,367.37
2017/5/26 16:00,49.37,166.03,368.95
2017/5/31 16:00,49.91,166.36,361.81
2017/6/1 16:00,50.12,156.23,347.52
2017/6/2 16:00,49.63,154.41,359.43
2017/6/5 16:00,48.87,154.41,382.45
2017/6/6 16:00,49.91,154.41,383.25
2017/6/7 16:00,51.67,154.41,387.22
2017/6/8 16:00,52.83,154.41,393.57
2017/6/9 16:00,53.48,154.41,402.3
2017/6/12 16:00,53.41,154.41,376.89
2017/6/13 16:00,53.74,154.41,391.98
2017/6/14 16:00,51.73,154.41,390.39
2017/6/15 16:00,51.45,154.41,395.95
2017/6/16 16:00,51.02,154.41,399.92
2017/6/19 16:00,52.52,154.41,413.42
2017/6/20 16:00,52.21,154.41,415.01
2017/6/21 16:00,53.99,154.41,415.8
2017/6/22 16:00,54.09,154.41,399.13
2017/6/23 16:00,55.49,154.41,406.27
2017/6/26 16:00,57.43,154.41,413.42
2017/6/27 16:00,57.71,154.41,418.18
2017/6/28 16:00,56.49,154.41,408.65
2017/6/29 16:00,57.46,154.41,411.83
2017/6/30 16:00,57.37,154.41,415.01
2017/7/3 16:00,56.69,154.41,411.04
2017/7/4 16:00,55.36,154.41,417.39
2017/7/5 16:00,57.07,154.41,422.15
2017/7/6 16:00,57.08,154.41,421.36
2017/7/7 16:00,56.9,154.41,416.59
2017/7/10 16:00,56.81,154.41,420.56
2017/7/11 16:00,57.54,154.41,415.8
2017/7/12 16:00,57.03,154.41,399.13
2017/7/13 16:00,58.23,154.41,390.39
2017/7/14 16:00,58.93,154.41,394.36
2017/7/17 16:00,57.23,154.41,369.75
2017/7/18 16:00,57.39,154.41,362.6
2017/7/19 16:00,60.07,154.41,372.13
2017/7/20 16:00,60.85,154.41,370.54
2017/7/21 16:00,60.02,154.41,376.1
2017/7/24 16:00,60.66,154.41,375.31
2017/7/25 16:00,59.64,154.41,372.13
2017/7/26 16:00,59.03,154.41,366.57
2017/7/27 16:00,59.32,154.41,365.78
2017/7/28 16:00,59.74,154.41,364.98
2017/7/31 16:00,60.42,154.41,363.4
2017/8/1 16:00,61.82,154.41,357.84
2017/8/2 16:00,61.41,154.41,349.9
2017/8/3 16:00,59.99,154.41,353.07
2017/8/4 16:00,59.12,154.41,364.98
2017/8/7 16:00,59.95,154.41,361.01
2017/8/8 16:00,60.18,154.41,357.84
2017/8/9 16:00,60.13,154.41,360.22
2017/8/10 16:00,59.48,154.41,350.69
2017/8/11 16:00,56.54,154.41,349.9
2017/8/14 16:00,58.57,154.41,353.87
2017/8/15 16:00,59.06,156.34,359.43
2017/8/16 16:00,58.86,154.08,359.43
2017/8/17 16:00,59.71,157.34,369.75
2017/8/18 16:00,59.86,156.09,393.57
2017/8/21 16:00,60.56,163.37,394.36
2017/8/22 16:00,61.04,182.69,393.57
2017/8/23 16:00,61.2,167.89,395.16
2017/8/24 16:00,60.28,167.63,400.71
2017/8/25 16:00,62.91,167.89,397.54
2017/8/28 16:00,64.92,168.89,395.16
2017/8/29 16:00,64.57,165.12,394.36
2017/8/30 16:00,64.56,164.87,400.71
2017/8/31 16:00,64.04,162.11,405.48
2017/9/1 16:00,64.4,164.87,409.45
2017/9/4 16:00,65.05,172.65,402.3
2017/9/5 16:00,65.54,168.64,398.33
2017/9/6 16:00,65.21,166.63,407.86
2017/9/7 16:00,64.37,165.38,407.86
2017/9/8 16:00,64.2,161.11,424.53
2017/9/11 16:00,64.19,161.61,427.71
2017/9/12 16:00,64.72,155.59,415.8
2017/9/13 16:00,64.92,160.61,413.42
2017/9/14 16:00,64.37,159.85,421.36
2017/9/15 16:00,64.43,160.61,418.98
2017/9/18 16:00,64.94,165.88,418.18
2017/9/19 16:00,64.47,163.12,413.42
2017/9/20 16:00,64.91,165.12,415.8
2017/9/21 16:00,64.71,158.35,419.77
2017/9/22 16:00,64.71,155.59,421.36
2017/9/25 16:00,63.85,150.32,395.16
2017/9/26 16:00,63.98,152.83,395.16
2017/9/27 16:00,64,153.33,401.51
2017/9/28 16:00,64.06,152.83,392.77
2017/9/29 16:00,64.65,154.58,407.07
2017/10/9 16:00,66.62,155.34,405.48
2017/10/10 16:00,66.94,158.1,403.1
2017/10/11 16:00,67.5,158.85,399.92
2017/10/12 16:00,67.94,160.36,401.51
2017/10/13 16:00,68.28,165.38,404.68
2017/10/16 16:00,67.96,156.84,397.54
2017/10/17 16:00,67.94,154.58,392.77
2017/10/18 16:00,69.28,157.85,387.22
2017/10/19 16:00,68.72,153.08,367.37
2017/10/20 16:00,68.53,153.33,376.1
2017/10/23 16:00,68.7,158.6,399.92
2017/10/24 16:00,69.93,154.83,405.48
2017/10/25 16:00,70.68,157.85,410.24
2017/10/26 16:00,71.4,155.84,410.24
2017/10/27 16:00,72.61,156.84,410.24
2017/10/30 16:00,72.09,146.55,410.24
2017/10/31 16:00,71.96,146.05,410.24
2017/11/1 16:00,71.53,146.48,410.24
2017/11/2 16:00,71.55,146.48,410.24
2017/11/3 16:00,71.36,146.48,410.24
2017/11/6 16:00,72.57,146.48,410.24
2017/11/7 16:00,74,146.48,410.24
2017/11/8 16:00,73.73,146.48,410.24
2017/11/9 16:00,74.93,146.48,410.24
2017/11/10 16:00,76.47,146.48,410.24
2017/11/13 16:00,77.17,146.48,410.24
2017/11/14 16:00,75.94,146.48,410.24
2017/11/15 16:00,74.83,146.48,410.24
2017/11/16 16:00,76.18,146.48,410.24
2017/11/17 16:00,76.86,146.48,410.24
2017/11/20 16:00,77.84,146.48,410.24
2017/11/21 16:00,81.01,146.48,410.24
2017/11/22 16:00,81.44,146.48,410.24
2017/11/23 16:00,76.07,146.48,410.24
2017/11/24 16:00,76.14,146.48,410.24
2017/11/27 16:00,73.82,146.48,410.24
2017/11/28 16:00,74.07,146.48,410.24
2017/11/29 16:00,73.98,146.48,410.24
2017/11/30 16:00,71.93,146.48,410.24
2017/12/1 16:00,71.59,146.48,410.24
2017/12/4 16:00,72.48,146.48,410.24
2017/12/5 16:00,73.4,146.48,410.24
2017/12/6 16:00,72.35,146.48,410.24
2017/12/7 16:00,70.43,146.48,410.24
2017/12/8 16:00,71.82,146.48,410.24
2017/12/11 16:00,74.65,146.48,410.24
2017/12/12 16:00,72.36,146.48,410.24
2017/12/13 16:00,73.82,146.48,410.24
2017/12/14 16:00,72.79,146.48,410.24
2017/12/15 16:00,70.85,146.48,410.24
2017/12/18 16:00,71.04,146.48,410.24
2017/12/19 16:00,73.19,146.48,410.24
2017/12/20 16:00,72.98,146.48,410.24
2017/12/21 16:00,74.58,146.41,410.24
2017/12/22 16:00,74.01,142.68,410.24
2017/12/25 16:00,73.45,136.65,410.24
2017/12/26 16:00,73.97,139.23,410.24
2017/12/27 16:00,71.29,136.36,410.24
2017/12/28 16:00,72.48,141.53,410.24
2017/12/29 16:00,73,141.53,410.24
2018/1/2 16:00,75.42,143.82,410.24
2018/1/3 16:00,76.45,157.03,410.24
2018/1/4 16:00,77.2,152.72,410.24
2018/1/5 16:00,77.63,155.88,410.24
2018/1/8 16:00,78.55,155.3,410.24
2018/1/9 16:00,79.8,151,410.24
2018/1/10 16:00,80.59,152.72,410.24
2018/1/11 16:00,80.5,151.57,410.24
2018/1/12 16:00,81.33,149.28,410.24
2018/1/15 16:00,81.34,140.09,410.24
2018/1/16 16:00,82.76,142.68,410.24
2018/1/17 16:00,82.32,146.12,410.24
2018/1/18 16:00,83.32,151.29,410.24
2018/1/19 16:00,83.92,148.7,410.24
2018/1/22 16:00,86.12,147.84,410.24
2018/1/23 16:00,88.09,149.28,410.24
2018/1/24 16:00,88.4,149.85,410.24
2018/1/25 16:00,87.34,148.13,410.24
2018/1/26 16:00,88.04,144.4,410.24
2018/1/29 16:00,84.63,142.96,410.24
2018/1/30 16:00,82.66,142.39,410.24
2018/1/31 16:00,83.51,135.5,410.24
2018/2/1 16:00,82.23,136.63,410.24
2018/2/2 16:00,83.31,136.63,410.24
2018/2/5 16:00,83.44,136.63,410.24
2018/2/6 16:00,78.06,136.63,410.24
2018/2/7 16:00,73.84,136.63,410.24
2018/2/8 16:00,72.19,136.63,410.24
2018/2/9 16:00,64.83,136.63,410.24
2018/2/12 16:00,66.95,136.63,410.24
2018/2/13 16:00,68.91,136.63,410.24
2018/2/14 16:00,70.25,136.63,410.24
2018/2/22 16:00,73.93,136.63,410.24
2018/2/23 16:00,74.72,136.63,410.24
2018/2/26 16:00,76.75,136.63,410.24
2018/2/27 16:00,74.2,136.63,410.24
2018/2/28 16:00,72.69,136.63,410.24
2018/3/1 16:00,73.78,136.63,410.24
2018/3/2 16:00,72.38,136.63,410.24
2018/3/5 16:00,72.45,136.63,410.24
2018/3/6 16:00,74.53,136.63,410.24
2018/3/7 16:00,73.24,136.63,410.24
2018/3/8 16:00,75,136.63,410.24
2018/3/9 16:00,76.34,136.63,410.24
2018/3/12 16:00,77.15,136.63,410.24
2018/3/13 16:00,75.59,136.63,410.24
2018/3/14 16:00,74.82,136.63,410.24
2018/3/15 16:00,75.8,136.63,410.24
2018/3/16 16:00,74.09,136.63,410.24
2018/3/19 16:00,74.86,136.63,410.24
2018/3/20 16:00,75.01,136.63,410.24
2018/3/21 16:00,74.29,136.63,410.24
2018/3/22 16:00,72.54,136.63,410.24
2018/3/23 16:00,67.59,136.63,410.24
2018/3/26 16:00,66.52,136.63,410.24
2018/3/27 16:00,67.95,136.63,410.24
2018/3/28 16:00,64.92,136.63,410.24
2018/3/29 16:00,67.12,136.63,410.24
2018/3/30 16:00,67.32,136.63,410.24
2018/4/2 16:00,66.82,136.63,410.24
2018/4/3 16:00,65.77,136.63,410.24
2018/4/4 16:00,65.44,136.63,410.24
2018/4/9 16:00,65.36,136.63,410.24
2018/4/10 16:00,68.55,136.63,410.24
2018/4/11 16:00,69.03,136.63,410.24
2018/4/12 16:00,67.32,136.63,410.24
2018/4/13 16:00,66.14,136.63,410.24
2018/4/16 16:00,63.47,136.63,410.24
2018/4/17 16:00,60.88,136.63,410.24
2018/4/18 16:00,61.64,136.63,410.24
2018/4/19 16:00,63.6,136.63,410.24
2018/4/20 16:00,61.41,136.63,410.24
2018/4/23 16:00,61.64,136.63,410.24
2018/4/24 16:00,64.95,136.63,410.24
2018/4/25 16:00,64.32,136.63,410.24
2018/4/26 16:00,61.18,136.63,410.24
2018/4/27 16:00,61.24,136.63,410.24
2018/5/2 16:00,61.53,136.63,410.24
2018/5/3 16:00,62.79,136.63,384.83
2018/5/4 16:00,62,136.63,360.22
2018/5/7 16:00,64.56,136.63,363.4
2018/5/8 16:00,66.46,136.63,365.78
2018/5/9 16:00,66.16,136.63,363.4
2018/5/10 16:00,67.08,136.63,352.28
2018/5/11 16:00,66.21,136.63,347.52
2018/5/14 16:00,67.78,136.63,326.87
2018/5/15 16:00,68.41,136.63,332.43
2018/5/16 16:00,67.07,136.63,351.49
2018/5/17 16:00,65.84,136.63,348.31
2018/5/18 16:00,67.51,136.63,351.49
2018/5/21 16:00,68.29,136.63,357.84
2018/5/22 16:00,67.65,136.63,351.49
2018/5/23 16:00,65.43,136.63,348.31
2018/5/24 16:00,64.26,136.63,336.4
2018/5/25 16:00,63.8,136.63,331.64
2018/5/28 16:00,64.52,136.63,324.49
2018/5/29 16:00,63.26,136.63,323.7
2018/5/30 16:00,59.8,136.63,302.26
2018/5/31 16:00,63.19,136.63,284.79
2018/6/1 16:00,61.83,136.63,287.17
2018/6/4 16:00,63.41,136.63,268.12
2018/6/5 16:00,65.03,136.63,267.32
2018/6/6 16:00,64.69,136.63,267.32
2018/6/7 16:00,64.42,136.63,285.58
2018/6/8 16:00,62.21,136.63,289.55
2018/6/11 16:00,62.23,136.63,281.61
2018/6/12 16:00,64.2,136.63,287.97
2018/6/13 16:00,62.59,136.63,292.73
2018/6/14 16:00,61.95,136.63,301.46
2018/6/15 16:00,61.09,136.63,292.73
2018/6/19 16:00,55.41,136.63,272.88
2018/6/20 16:00,56.03,136.63,259.38
2018/6/21 16:00,54.2,136.63,253.03
2018/6/22 16:00,54.89,136.63,257
2018/6/25 16:00,52.81,136.63,262.56
2018/6/26 16:00,51.55,136.63,272.88
2018/6/27 16:00,48.46,136.63,263.08
2018/6/28 16:00,46.93,136.63,256.45
2018/6/29 16:00,50.68,136.63,264.59
2018/7/2 16:00,46.26,136.63,250.79
2018/7/3 16:00,46.32,136.63,247.76
2018/7/4 16:00,44.37,136.63,245.41
2018/7/5 16:00,43.45,136.63,250.79
2018/7/6 16:00,44.42,136.63,256.31
2018/7/9 16:00,48.46,136.63,271.63
2018/7/10 16:00,48.82,136.63,269.56
2018/7/11 16:00,46.24,136.63,266.8
2018/7/12 16:00,49.4,136.63,268.41
2018/7/13 16:00,49.9,136.63,271.08
2018/7/16 16:00,49.01,136.63,263.19
2018/7/17 16:00,48.04,136.63,258.96
2018/7/18 16:00,47.27,136.63,257.83
2018/7/19 16:00,47.14,136.63,262.48
2018/7/20 16:00,49.91,136.63,287.3
2018/7/23 16:00,51.32,136.63,294.07
2018/7/24 16:00,53.72,136.63,292.52
2018/7/25 16:00,53.55,136.63,299.14
2018/7/26 16:00,51.77,136.63,297.73
2018/7/27 16:00,51.12,136.63,297.31
2018/7/30 16:00,50.86,136.63,304.64
2018/7/31 16:00,50.97,136.63,301.54
2018/8/1 16:00,47.95,136.63,294.21
2018/8/2 16:00,44.67,136.63,284.48
2018/8/3 16:00,42.28,136.63,285.33
2018/8/6 16:00,40.48,136.63,290.26
2018/8/7 16:00,44.58,136.63,302.81
2018/8/8 16:00,42.25,136.63,301.71
2018/8/9 16:00,45.81,136.63,307.74
2018/8/10 16:00,46.14,136.63,328.43
2018/8/13 16:00,45.51,136.63,334.47
2018/8/14 16:00,44.76,136.63,338.78
2018/8/15 16:00,41.28,136.63,342.22
2018/8/16 16:00,40.63,136.63,344.19
2018/8/17 16:00,38.61,136.63,340.53
2018/8/20 16:00,40.22,136.63,347.84
2018/8/21 16:00,42.77,136.63,350.16
2018/8/22 16:00,41.97,136.63,349.17
2018/8/23 16:00,42.49,136.63,353.48
2018/8/24 16:00,42.72,136.63,360.12
2018/8/27 16:00,46.2,136.63,374.07
2018/8/28 16:00,45.93,136.63,375.39
2018/8/29 16:00,45.34,136.63,367.67
2018/8/30 16:00,43.82,136.63,371.46
2018/8/31 16:00,43.11,136.63,372.41
2018/9/3 16:00,42.57,136.63,381.89
2018/9/4 16:00,44.37,136.63,382.83
2018/9/5 16:00,41.55,136.63,399.9
2018/9/6 16:00,40.04,136.63,393.26
2018/9/7 16:00,40.67,136.63,382.83
2018/9/10 16:00,38.63,136.63,374.3
2018/9/11 16:00,38.38,136.63,374.3
2018/9/12 16:00,37.42,136.63,375.25
2018/9/13 16:00,38.91,136.63,375.25
2018/9/14 16:00,39.14,136.63,372.41
2018/9/17 16:00,37.55,136.63,352.5
2018/9/18 16:00,40.32,136.63,363.87
2018/9/19 16:00,42.16,136.63,366.72
2018/9/20 16:00,42.06,136.63,364.82
2018/9/21 16:00,46.37,136.63,363.87
2018/9/25 16:00,45.05,136.63,361.98
2018/9/26 16:00,46.66,136.63,364.82
2018/9/27 16:00,46.07,136.63,361.03
2018/9/28 16:00,47.59,136.63,363.87
2018/10/8 16:00,41.24,136.63,353.45
2018/10/9 16:00,41.14,136.63,341.12
2018/10/10 16:00,40.84,136.63,343.97
2018/10/11 16:00,34.08,136.63,322.16
2018/10/12 16:00,36.08,136.63,306.05
2018/10/15 16:00,34.18,136.63,305.1
2018/10/16 16:00,33.09,136.63,285.19
2018/10/17 16:00,33.83,136.63,269.07
2018/10/18 16:00,30.66,136.63,251.06
2018/10/19 16:00,34.55,136.63,240.63
2018/10/22 16:00,40.35,136.63,257.7
2018/10/23 16:00,36.63,136.63,265.28
2018/10/24 16:00,36.83,136.63,276.66
2018/10/25 16:00,37.09,136.63,282.35
2018/10/26 16:00,36.21,136.63,288.03
2018/10/29 16:00,32.05,136.63,288.03
2018/10/30 16:00,33.49,136.63,288.03
2018/10/31 16:00,35.36,136.63,294.67
2018/11/1 16:00,36.35,136.63,291.83
2018/11/2 16:00,41.21,136.63,295.62
2018/11/5 16:00,40.03,136.63,304.15
2018/11/6 16:00,39.19,136.63,302.25
2018/11/7 16:00,38.28,136.63,309.84
2018/11/8 16:00,37.89,136.63,321.21
2018/11/9 16:00,35.94,136.63,317.42
2018/11/12 16:00,37.56,141.19,326.9
2018/11/13 16:00,38.94,149.87,335.43
2018/11/14 16:00,37.55,154.51,337.33
2018/11/15 16:00,39.16,152.77,337.33
2018/11/16 16:00,39.81,153.35,336.38
2018/11/19 16:00,41.4,166.09,341.12
2018/11/20 16:00,38.13,148.72,340.17
2018/11/21 16:00,38.47,148.14,355.34
2018/11/22 16:00,37.96,146.98,350.6
2018/11/23 16:00,34.91,131.35,327.85
2018/11/26 16:00,34.82,134.24,308.89
2018/11/27 16:00,34.64,135.4,312.68
2018/11/28 16:00,36.43,136.56,317.42
2018/11/29 16:00,34.66,128.45,309.84
2018/11/30 16:00,36.17,126.42,313.63
2018/12/3 16:00,39.95,126.42,323.11
2018/12/4 16:00,40.24,129.13,325.95
2018/12/5 16:00,39.57,126.35,323.11
2018/12/6 16:00,36.55,120.24,321.21
2018/12/7 16:00,36.55,127.46,338.28
2018/12/10 16:00,34.97,119.12,331.64
2018/12/11 16:00,35.61,120.79,336.38
2018/12/12 16:00,36.08,120.24,336.38
2018/12/13 16:00,38.18,122.46,334.49
2018/12/14 16:00,35.87,116.9,338.28
2018/12/17 16:00,35.67,114.4,341.12
2018/12/18 16:00,34.27,114.4,339.23
2018/12/19 16:00,32.66,114.4,327.85
2018/12/20 16:00,31.65,114.4,321.21
2018/12/21 16:00,30.02,114.4,311.33
2018/12/24 16:00,30.39,114.4,312.3
2018/12/25 16:00,29.5,114.4,309.71
2018/12/26 16:00,28.84,114.4,302.58
2018/12/27 16:00,28.35,114.4,302.58
2018/12/28 16:00,29.21,114.4,308.25
